t,type,r,v,details
2983.7512,apocenter,7204879.658,7383.884602,{"ecc": 0.014423273534753294, "energy": -28058754.526861075}
