t,x,y,vx,vy,r,v,energy,h,e,dt_eff
0,7000000,0,0,-7600,7000000,7600,-28058754.29,5.32e+10,0.0144233172,0
887.733,4040274.008,-5768505.133,-6136.478126,-4406.061128,7042688.8,7554.451566,-28058754.5,5.319999982e+10,0.01442327769,44.38665
970.719,3515851.181,-6111043.546,-6493.892575,-3844.172809,7050252.673,7546.410098,-28058754.5,5.319999982e+10,0.01442327769,4.1493
1048.618,2998451.202,-6389102.837,-6782.193053,-3290.989343,7057715.258,7538.484825,-28058754.5,5.319999982e+10,0.01442327769,3.89495
1126.74,2458866.262,-6623838.482,-7023.625838,-2715.331376,7065497.826,7530.228708,-28058754.5,5.319999982e+10,0.01442327769,3.9061
1205.381,1898586.32,-6814021.445,-7217.033064,-2118.935396,7073578.887,7521.665604,-28058754.5,5.319999982e+10,0.01442327769,3.93205
