t,type,r,v,details
2534.53115,escape,140096197.1,50263.61483,{"energy": 359033057.5643132, "ecc": 1.4251510811463282}
