t,type,r,v,details
7908.75,escape,55769424.53304714,6189.289414528037,"{""e"": 1.4199999999999313, ""energy"": 12006881.193514317}"
