t,x,y,vx,vy,r,v,energy,h,e,dt_eff
0,6700000,0,0,7160,6700000,7160,-22848331.34,4.7972e+10,0.05743406929,0
21.694656,6698297.246,155320.5779,-156.9667186,7158.180367,6700097.796,7159.901167,-22848331.34,4.7972e+10,0.05743406929,1.0847328
26.062464,6697542.646,186584.4279,-188.560694,7157.373987,6700141.136,7159.857368,-22848331.34,4.7972e+10,0.05743406929,0.210936
30.3308,6696671.922,217132.5693,-219.4307575,7156.443528,6700191.145,7159.806829,-22848331.34,4.7972e+10,0.05743406929,0.21398
35.0118192,6695565.536,250629.3178,-253.2796423,7155.26126,6700254.689,7159.742613,-22848331.34,4.7972e+10,0.05743406929,0.2495616
39.816096,6694265.274,285001.9073,-288.0125008,7153.871848,6700329.369,7159.667144,-22848331.34,4.7972e+10,0.05743406929,0.213852
44.252616,6692916.366,316737.0617,-320.0791858,7152.430487,6700406.842,7159.588853,-22848331.34,4.7972e+10,0.05743406929,0.209252
48.490024,6691495.182,347041.6594,-350.6992773,7150.911932,6700488.466,7159.506369,-22848331.34,4.7972e+10,0.05743406929,0.212348
