t,type,r,v,details
2978.778829,apocenter,7204881.51,7383.882709,{"ecc": 0.014423317204385055, "energy": -28058754.285714608}
