t,type,r,v,details
4038.8723,impact,24620908.95,17004.90959,{"penetration": 1091.0543841607869, "energy": -132992629.62959218}
