t,type,r,v,details
2983.74075,apocenter,7204879.557,7383.884697,{"ecc": 0.0144232609585266, "energy": -28058754.598749198}
