t,type,r,v,details
2533.90425,escape,140073142,50266.57555,{"energy": 359033056.0084952, "ecc": 1.4251510795639901}
