t,type,r,v,details
8956.41615,escape,140001348.2,14081.95773,{"energy": 57767598.11532308, "ecc": 1.5590875851061399}
