t,type,r,v,details
651.0556,impact,6364225.009,6883.034557,{"penetration": 6774.990929150954, "energy": -38938754.285679}
