t,type,r,v,details
647.5914,impact,6370981.481,6873.378521,{"penetration": 18.519466323778033, "energy": -38938754.28571438}
