t,x,y,vx,vy,r,v,energy,h,e,dt_eff
0,7000000,0,0,7546,7000000,7546,-28467696.29,5.2822e+10,5.904088222e-05,0
21.18768,6998174.307,159868.3332,-172.3278862,7544.031903,7000000.108,7545.999884,-28467696.29,5.2822e+10,5.904088222e-05,1.059384
25.5085104,6997353.799,192462.9636,-207.4628214,7543.147396,7000000.156,7545.999832,-28467696.29,5.2822e+10,5.904088222e-05,0.2121168
29.6724,6996419.462,223869.7524,-241.3173382,7542.140181,7000000.211,7545.999772,-28467696.29,5.2822e+10,5.904088222e-05,0.207504
34.0434816,6995286.982,256834.4554,-276.8511864,7540.919367,7000000.278,7545.9997,-28467696.29,5.2822e+10,5.904088222e-05,0.2186112
38.342064,6994021.819,289246.8454,-311.7896753,7539.555521,7000000.353,7545.99962,-28467696.29,5.2822e+10,5.904088222e-05,0.215904
42.7049952,6992584.156,322138.0872,-347.2443347,7538.005721,7000000.438,7545.999528,-28467696.29,5.2822e+10,5.904088222e-05,0.2147184
47.0715168,6990990.45,355049.2619,-382.7204791,7536.287706,7000000.532,7545.999427,-28467696.29,5.2822e+10,5.904088222e-05,0.2178336
51.4806288,6989224.036,388273.4631,-418.5340445,7534.383512,7000000.636,7545.999314,-28467696.29,5.2822e+10,5.904088222e-05,0.2135616
55.9741104,6987261.375,422124.3894,-455.0231779,7532.267764,7000000.752,7545.999189,-28467696.29,5.2822e+10,5.904088222e-05,0.2153088
60.3683376,6985183.519,455218.0258,-490.6959994,7530.027836,7000000.875,7545.999057,-28467696.29,5.2822e+10,5.904088222e-05,0.2143392
64.7032416,6982980.143,487854.8847,-525.8764421,7527.652597,7000001.005,7545.998917,-28467696.29,5.2822e+10,5.904088222e-05,0.2132592
