t,type,r,v,details
2983.33285,apocenter,7204879.891,7383.88436,{"ecc": 0.014423273869208627, "energy": -28058754.52495709}
