t,type,r,v,details
650.0572,impact,6366175.948,6880.245653,{"penetration": 4824.051787694916, "energy": -38938754.285666734}
