t,type,r,v,details
5194.0,apocenter,13607597.751383074,4454.68418499233,"{""e"": 0.32249999999999135, ""energy"": -19368242.877635848}"
