t,type,r,v,details
4166.484,apocenter,2158774.777,1465.239061,{"ecc": 0.054147559648638155, "energy": -1196366.806144272}
