t,type,r,v,details
741.9784,impact,6044857.913,6557.345211,{"penetration": 6942.086521155201, "energy": -32236131.34315536}
