t,x,y,vx,vy,r,v,energy,h,e,dt_eff
0,6700000,0,0,5700,6700000,5700,-32236131.34,3.819e+10,0.3298423717,0
33.298,6695988.528,189760.7163,-240.9434774,5696.586581,6698676.846,5701.67979,-32236131.34,3.819e+10,0.3298423717,1.6649
130.052,6638808.052,739035.5106,-941.019618,5647.783878,6679816.303,5725.642379,-32236131.34,3.819e+10,0.3298423717,4.8377
227.297,6513092.591,1283478.029,-1644.470857,5539.512495,6638350.017,5778.449885,-32236131.34,3.819e+10,0.3298423717,4.86225
329.348,6307626.906,1840203.152,-2382.100263,5359.61497,6570578.728,5865.140603,-32236131.34,3.819e+10,0.3298423717,5.10255
439.94,6000055.338,2418462.465,-3179.738882,5083.273262,6469128.593,5995.865777,-32236131.34,3.819e+10,0.3298423717,5.5296
558.497,5572589.372,2998583.815,-4030.310806,4684.496472,6328132.204,6179.636914,-32236131.34,3.819e+10,0.3298423717,5.92785
675.778,5050998.582,3519211.67,-4862.262001,4173.169024,6156089.461,6407.568296,-32236131.34,3.819e+10,0.3298423717,5.86405
741.9784,4713772.205,3784264.63,-5324.677289,3827.086096,6044857.913,6557.345211,-32236131.34,3.819e+10,0.3298423717,5.5167
