t,type,r,v,details
24908.11001,escape,140011221.8,4905.701835,{"energy": 9186245.714285184, "ecc": 1.3226711166945904}
