t,x,y,vx,vy,r,v,energy,h,e,dt_eff
0,2000000,0,0,1728,2000000,1728,-1487616.4,3456000000,0.001803524408,0
23.981496,1999571.469,41437.06533,-35.73715777,1727.62975,2000000.773,1727.999333,-1487616.4,3456000000,0.001803524408,1.1990748
28.6805376,1999387.089,49554.90623,-42.73833569,1727.470445,2000001.105,1727.999047,-1487616.4,3456000000,0.001803524408,0.2425872
33.02016,1999187.593,57051.11044,-49.2033838,1727.298081,2000001.465,1727.998736,-1487616.4,3456000000,0.001803524408,0.215896
37.408576,1998957.324,64630.7855,-55.74041696,1727.099129,2000001.88,1727.998378,-1487616.4,3456000000,0.001803524408,0.21584
41.683632,1998705.42,72013.77415,-62.10781527,1726.881484,2000002.335,1727.997986,-1487616.4,3456000000,0.001803524408,0.218232
46.287792,1998403.681,79964.02311,-68.96443747,1726.620782,2000002.879,1727.997517,-1487616.4,3456000000,0.001803524408,0.236616
