t,type,r,v,details
55845.2423,escape,140007831.7,2281.116172,{"energy": 2297142.105255423, "ecc": 1.4093684740201173}
