t,type,r,v,details
648.4656751,impact,6369279.715,6875.809953,{"penetration": 1720.2854974586517, "energy": -38938754.28540466}
