t,type,r,v,details
2983.6803,apocenter,7204879.687,7383.88457,{"ecc": 0.014423272272466021, "energy": -28058754.534044374}
