t,type,r,v,details
2536.4465,escape,140166641.9,50254.57341,{"energy": 359033066.66509426, "ecc": 1.4251510903848685}
