t,type,r,v,details
2983.615,apocenter,7204879.741,7383.884516,{"ecc": 0.01442327424600582, "energy": -28058754.522810094}
