t,type,r,v,details
2980.8988,apocenter,7204880.747,7383.883461,{"ecc": 0.014423262507953264, "energy": -28058754.589863654}
