t,type,r,v,details
2982.7589,apocenter,7204880.045,7383.884188,{"ecc": 0.014423258630418951, "energy": -28058754.612148218}
