t,type,r,v,details
5204.75,apocenter,13628306.883289548,4450.406757907173,"{""e"": 0.3227713775133817, ""energy"": -19342779.655305695}"
