t,type,r,v,details
12126.70705,escape,140012694,9785.963899,{"energy": 6502729.530980185, "ecc": 1.0629520464114293}
