t,type,r,v,details
1070.9416,impact,69891973.19,35649.33298,{"penetration": 19026.813666403294, "energy": -1176966932.8838258}
