t,type,r,v,details
2983.197,apocenter,7204879.945,7383.884302,{"ecc": 0.014423271986034113, "energy": -28058754.535672445}
