t,type,r,v,details
649.882,impact,6366517.992,6879.756754,{"penetration": 4482.007629792206, "energy": -38938754.28568187}
