t,type,r,v,details
647.712624,impact,6370745.656,6873.715434,{"penetration": 254.3436831869185, "energy": -38938754.28571407}
