t,x,y,vx,vy,r,v,energy,h,e,dt_eff
0,7000000,0,0,-7600,7000000,7600,-28058754.29,5.32e+10,0.0144233172,0
968.881,3527780.187,-6103966.067,-6486.53038,-3856.940526,7050080.482,7546.593045,-28058754.65,5.31999997e+10,0.01442325186,48.44405
