t,type,r,v,details
648.5366159,impact,6369141.529,6876.007408,{"penetration": 1858.4714630376548, "energy": -38938754.28533383}
