t,x,y,vx,vy,r,v,energy,h,e,dt_eff
0,2700000,0,0,2860,2700000,2860,-4030233.333,7722000000,0.007335766274,0
21.271032,2699319.665,60830.04178,-63.96543044,2859.279351,2700004.991,2859.994752,-4030233.333,7722000000,0.007335766274,1.0635516
25.6571136,2699010.188,73370.37781,-77.15207346,2858.951536,2700007.261,2859.992365,-4030233.333,7722000000,0.007335766274,0.2094912
29.827152,2698662.324,85291.56646,-89.68762569,2858.583059,2700009.813,2859.989681,-4030233.333,7722000000,0.007335766274,0.206544
34.0174272,2698260.12,97268.94308,-102.2822231,2858.157025,2700012.763,2859.986579,-4030233.333,7722000000,0.007335766274,0.2182224
38.2494384,2697800.348,109363.6852,-115.0001893,2857.670013,2700016.136,2859.983032,-4030233.333,7722000000,0.007335766274,0.2054448
42.5252208,2697281.166,121581.3054,-127.8473141,2857.120071,2700019.945,2859.979027,-4030233.333,7722000000,0.007335766274,0.2084256
46.6917168,2696722.415,133484.2709,-140.3635169,2856.528219,2700024.044,2859.974717,-4030233.333,7722000000,0.007335766274,0.2071296
50.8700928,2696109.705,145418.5833,-152.9126215,2855.879213,2700028.538,2859.969991,-4030233.333,7722000000,0.007335766274,0.2077056
