t,type,r,v,details
2983.0823,apocenter,7204880.018,7383.884228,{"ecc": 0.014423273688926319, "energy": -28058754.525985856}
