t,x,y,vx,vy,r,v,energy,h,e,dt_eff
0,1937000,0,0,1633,1937000,1633,-1196366.806,3163121000,0.05414755965,0
26.063952,1936556.419,42559.18459,-34.03635696,1632.626041,1937024.019,1632.980791,-1196366.806,3163121000,0.05414755965,1.3031976
30.7525824,1936382.485,50213.63038,-40.15774161,1632.479409,1937033.437,1632.973259,-1196366.806,3163121000,0.05414755965,0.2192592
35.0714736,1936196.873,57263.80082,-45.79579225,1632.322934,1937043.487,1632.965221,-1196366.806,3163121000,0.05414755965,0.2110848
39.5046144,1935981.027,64499.72288,-51.58229186,1632.140973,1937055.175,1632.955874,-1196366.806,3163121000,0.05414755965,0.2270112
44.216376,1935723.496,72189.48017,-57.73159733,1631.923874,1937069.12,1632.944723,-1196366.806,3163121000,0.05414755965,0.224448
