t,x,y,vx,vy,r,v,energy,h,e,dt_eff
0,2700000,0,0,2860,2700000,2860,-4030233.333,7722000000,0.007335766274,0
21.613656,2699297.573,61809.69551,-64.99557498,2859.255949,2700005.153,2859.994582,-4030233.333,7722000000,0.007335766274,1.0806828
26.26128,2698963.027,75097.64523,-78.96835852,2858.90158,2700007.607,2859.992001,-4030233.333,7722000000,0.007335766274,0.2167165714
30.85068,2698568.952,88217.35593,-92.76419134,2858.484155,2700010.498,2859.988961,-4030233.333,7722000000,0.007335766274,0.233176
35.33389371,2698122.865,101031.516,-106.2386809,2858.011637,2700013.77,2859.98552,-4030233.333,7722000000,0.007335766274,0.2302422857
39.6922944,2697631.292,113486.7631,-119.3357121,2857.49094,2700017.376,2859.981728,-4030233.333,7722000000,0.007335766274,0.2306304
44.2236816,2697059.689,126433.8139,-132.9498293,2856.885473,2700021.569,2859.977319,-4030233.333,7722000000,0.007335766274,0.2217456
