t,type,r,v,details
647.6341804,impact,6370898.262,6873.497411,{"penetration": 101.73762895260006, "energy": -38938754.28571448}
