t,type,r,v,details
892.3896993,impact,3387789.924,3165.610107,{"penetration": 1710.0755759384483, "energy": -7577857.894735401}
