t,type,r,v,details
2983.3958,apocenter,7204879.738,7383.884508,{"ecc": 0.014423259852195315, "energy": -28058754.60512151}
