t,type,r,v,details
5725.38105,pericenter,74802916.87,41178.20706,{"ecc": 0.0013156176080542984, "energy": -845594483.4366065}
