t,type,r,v,details
2534.4797,escape,140094304.9,50263.85778,{"energy": 359033056.5580715, "ecc": 1.4251510801230074}
