t,type,r,v,details
2982.7881,apocenter,7204880.036,7383.884198,{"ecc": 0.014423259181048491, "energy": -28058754.608976875}
