t,type,r,v,details
647.7128304,impact,6370745.255,6873.716007,{"penetration": 254.74524281173944, "energy": -38938754.28571442}
