t,type,r,v,details
2980.491,apocenter,7204880.849,7383.883356,{"ecc": 0.014423263184014037, "energy": -28058754.58598321}
