t,type,r,v,details
2983.28165,apocenter,7204879.931,7383.88432,{"ecc": 0.014423275394194258, "energy": -28058754.51627986}
