t,type,r,v,details
647.6255937,impact,6370914.966,6873.473547,{"penetration": 85.03413527924567, "energy": -38938754.2854449}
