t,type,r,v,details
1069.562,impact,69905177.67,35639.7285,{"penetration": 5822.330201625824, "energy": -1176966932.5454257}
