t,type,r,v,details
6620.4106,escape,140032391.3,19576.33375,{"energy": 142812170.36949307, "ecc": 2.1284253141805407}
