t,type,r,v,details
2982.693,apocenter,7204880.2,7383.884038,{"ecc": 0.01442327326927269, "energy": -28058754.528374165}
