t,type,r,v,details
647.7143173,impact,6370742.362,6873.72014,{"penetration": 257.63800064567477, "energy": -38938754.28571405}
