t,x,y,vx,vy,r,v,energy,h,e,dt_eff
0,64000000,0,0,24300,64000000,24300,-297385343.8,1.5552e+12,0.003611600001,0
21.4632,63997867.15,521549.9662,-198.7438098,24299.19018,63999992.3,24300.00294,-297385343.7,1.5552e+12,0.003611600001,1.07316
