t,type,r,v,details
5607.518,escape,140114261.3,23501.40867,{"energy": 227382370.36967063, "ecc": 2.7966537589863516}
