t,type,r,v,details
647.639832,impact,6370887.268,6873.513118,{"penetration": 112.73181537725031, "energy": -38938754.28571418}
