t,type,r,v,details
648.2714148,impact,6369658.038,6875.269378,{"penetration": 1341.9622251633555, "energy": -38938754.285250455}
