t,x,y,vx,vy,r,v,energy,h,e,dt_eff
0,7000000,0,0,-7600,7000000,7600,-28058754.29,5.32e+10,0.0144233172,0
979.748,3457055.748,-6145468.597,-6529.689346,-3781.25197,7051100.533,7545.509222,-28058754.68,5.319999968e+10,0.01442324755,48.9874
1050.288,2987120.177,-6394588.495,-6787.859508,-3278.887618,7057878.504,7538.311529,-28058754.68,5.319999968e+10,0.01442324755,3.527
1129.903,2436636.627,-6632389.415,-7032.374253,-2691.642672,7065818.24,7529.888971,-28058754.68,5.319999968e+10,0.01442324755,3.98075
