t,type,r,v,details
648.3796,impact,6369447.36,6875.570406,{"penetration": 1552.639576105401, "energy": -38938754.28563316}
