t,type,r,v,details
892.2752303,impact,3387895.399,3165.486301,{"penetration": 1604.600728795398, "energy": -7577857.894735023}
