t,type,r,v,details
2980.6338,apocenter,7204880.615,7383.88358,{"ecc": 0.01442323961467839, "energy": -28058754.72235811}
