t,x,y,vx,vy,r,v,energy,h,e,dt_eff
0,7000000,0,0,6000,7000000,6000,-38938754.29,4.2e+10,0.3677416998,0
24.376104,6997583.365,146239.7919,-198.2802105,5997.928335,6999111.302,6001.204826,-38938754.29,4.2e+10,0.3677416998,1.2188052
28.8592464,6996612.701,173127.5455,-234.7481253,5997.096084,6998754.349,6001.688773,-38938754.29,4.2e+10,0.3677416998,0.2253024
33.4927728,6995437.667,200912.9721,-272.4399258,5996.088491,6998322.24,6002.274628,-38938754.29,4.2e+10,0.3677416998,0.2262288
38.1734352,6994073.357,228975.9594,-310.515868,5994.918439,6997820.526,6002.954871,-38938754.29,4.2e+10,0.3677416998,0.2289792
42.669144,6992595.16,255924.5698,-347.0880253,5993.650524,6997276.932,6003.691923,-38938754.29,4.2e+10,0.3677416998,0.229176
47.2190976,6990931.719,283192.21,-384.1023108,5992.223483,6996665.215,6004.521368,-38938754.29,4.2e+10,0.3677416998,0.2211696
51.8815488,6989052.437,311126.9595,-422.0327573,5990.610975,6995974.125,6005.458475,-38938754.29,4.2e+10,0.3677416998,0.2474208
56.4888768,6987021.646,338723.7113,-459.515831,5988.868106,6995227.318,6006.471177,-38938754.29,4.2e+10,0.3677416998,0.2313408
