t,type,r,v,details
6619.6462,escape,140018013.3,19576.58975,{"energy": 142812170.3698423, "ecc": 2.1284253141825755}
