t,x,y,vx,vy,r,v,energy,h,e,dt_eff
0,7000000,0,0,-7600,7000000,7600,-28058754.29,5.32e+10,0.0144233172,0
887.314,4042844.788,-5766658.416,-6134.545904,-4408.818541,7042651.721,7554.491007,-28058754.5,5.319999982e+10,0.0144232778,44.3657
