t,type,r,v,details
2980.8988,apocenter,7204880.767,7383.883442,{"ecc": 0.014423264849532913, "energy": -28058754.57643373}
