t,type,r,v,details
891.3713501,impact,3388727.795,3164.509341,{"penetration": 772.2046317374334, "energy": -7577857.894735397}
