t,type,r,v,details
2919.3998,apocenter,7000826.616,7545.109014,{"ecc": 5.904087001029631e-05, "energy": -28467696.2857185}
