t,type,r,v,details
2981.2251,apocenter,7204880.654,7383.883557,{"ecc": 0.014423262083483941, "energy": -28058754.59228552}
