t,x,y,vx,vy,r,v,energy,h,e,dt_eff
0,7000000,0,0,7546,7000000,7546,-28467696.29,5.2822e+10,5.904088222e-05,0
22.626768,6997917.891,170724.6623,-184.0303174,7543.755487,7000000.123,7545.999867,-28467696.29,5.2822e+10,5.904088222e-05,1.1313384
27.184272,6996994.725,205103.1595,-221.0881471,7542.760313,7000000.177,7545.999809,-28467696.29,5.2822e+10,5.904088222e-05,0.22896
31.620504,6995933.924,238562.1214,-257.1547754,7541.616771,7000000.24,7545.999741,-28467696.29,5.2822e+10,5.904088222e-05,0.216912
36.0312576,6994720.605,271823.5129,-293.0084343,7540.308812,7000000.312,7545.999664,-28467696.29,5.2822e+10,5.904088222e-05,0.2185152
40.4924928,6993332.547,305459.331,-329.2657002,7538.812486,7000000.394,7545.999576,-28467696.29,5.2822e+10,5.904088222e-05,0.2276256
44.99028,6991769.387,339363.5822,-365.8123183,7537.1274,7000000.486,7545.999476,-28467696.29,5.2822e+10,5.904088222e-05,0.213984
