t,type,r,v,details
1071.89745,impact,69882814.41,35655.99537,{"penetration": 28185.586356803775, "energy": -1176966932.8516977}
